"Session Type Description","Session Description ID","Action Indicator"
"ICE PLATFORM Mon-Fri","479","R"
"Second Session Ring1","410","R"
"CME Globex (CT)","53","R"
"GLOBEX Fri","606","R"
"ICE PLATFORM Sun-Fri","618","R"
"Electronic Mon-Fri","95","R"
"First Session Kerb","415","R"
"Electronic Sun-Fri","101","R"
"Genium INET Morning","514","R"
"Second Session Kerb","420","R"
"Any business day except Last Trading Day","18","R"
"GLOBEX Sun-Fri","166","R"
"Ring 1","328","R"
"Electronic","76","R"
"Last Trading Day","197","R"
"Electronic Morning","458","R"
"SGX Titan Non-Cancel Period Morning","508","R"
"LME Select","207","R"
"First Session Ring2","406","R"
"GLOBEX Mon-Thu","150","R"
"TAIFEX ETS","390","R"
"UTP","575","R"
"GLOBEX Shutdown period","158","R"
"Open Outcry","284","R"
"Globex Sun-Fri UK Time","610","R"
"ASX Trade 24 Day","497","R"
"ICE Block","614","R"
"ASX Trade 24 (US DST)","438","R"
"GLOBEX","136","R"
"ICE PLATFORM Sun-Mon","481","R"
"Ring 2","329","R"
"APEX Mon-Fri","628","R"
"Electronic - Pre-Trading","84","R"
"Open Outcry Mon-Fri","298","R"
"Electronic Afternoon","459","R"
"Kerb Trading 1st session","517","R"
"TFEX Trading System Morning","395","R"
"ASX Trade 24 Evening","498","R"
"GLOBEX Afternoon","509","R"
"ASX Trade 24 (NZ time)","442","R"
"ASX Trade","588","R"
"Telephone","391","R"
"ICE PLATFORM","182","R"
"TFEX Trading System Afternoon","394","R"
"SGX Titan Non-Cancel Period Afternoon","507","R"
"Genium INET Afternoon","513","R"
"SGX Titan","111","R"
"Second Session Ring2","418","R"
"Ring 3","330","R"
"Kerb Trading","195","R"
"MOS Monday - Friday","615","R"
"GLOBEX Mon-Fri","147","R"
"Electronic Sun","99","R"
"T7","48","R"
"Globex Sun-Fri Italian Time","612","R"
"GLOBEX Trading halt","154","R"
"Electronic Day","91","R"
"Genium INET","450","R"
"GLOBEX Sun-Thu","168","R"
"ASX Trade 24","435","R"
"GLOBEX Sun-Mon","472","R"
"Bats Technology","624","R"
"First Session Ring1","407","R"
"Electronic - New York time","583","R"
"MON-FRI","228","R"
"Genium INET - Pre-Market Opening Period Afternoon","511","R"
"NASDAQ OMX X-stream","548","R"
"Genium INET - Pre-Market Opening Period Morning","512","R"
"Globex Sun-Fri German Time","611","R"
"GLOBEX Morning","510","R"
"TFEX Trading System","393","R"
"Kerb Trading 2nd session","518","R"
"Electronic Sun-Mon","480","R"
