"Exchange Code","Holiday Description","Holiday Date","Closed Indicator","Action Indicator"
"APEX","Holiday","20191028","Y","R"
"APEX","Holiday","20191225","Y","R"
"ASX","Early Close 14:10 (Sydney time)","20191224","N","R"
"ASX","Holiday","20191225","Y","R"
"ASX","Holiday","20191226","Y","R"
"ASX","Early Close 14:10 (Sydney time)","20191231","N","R"
"ASX","Holiday","20200101","Y","R"
"ASX","Holiday","20200127","Y","R"
"ASX","Holiday","20200410","Y","R"
"ASX","Holiday","20200413","Y","R"
"ASX","Holiday","20200425","Y","R"
"ASX","Holiday","20200608","Y","R"
"ASX","Early Close 14:10 (Sydney time)","20201224","N","R"
"ASX","Holiday","20201225","Y","R"
"ASX","Holiday","20201228","Y","R"
"ASX","Early Close 14:10 (Sydney time)","20201231","N","R"
"CBOT","Floor Interest Rates Closed","20191014","N","R"
"CBOT","Floor Interest Rates Closed","20191111","N","R"
"CBOT","Globex US Equity BTIC Evening Session Closed 17:00","20191127","N","R"
"CBOT","Floor Closed","20191128","N","R"
"CBOT","Globex Aus Wheat, BS Wheat FOB & BS Corn FOB Early Close 12:00","20191128","N","R"
"CBOT","Globex Aus Wheat, BS Wheat FOB & BS Corn FOB Reopen 17:00","20191128","N","R"
"CBOT","Globex Equities (exc BTIC) Early Close 12:00","20191128","N","R"
"CBOT","Globex Equities (exc BTIC) Reopen 17:00","20191128","N","R"
"CBOT","Globex Ethanol Early Close 12:00","20191128","N","R"
"CBOT","Globex Ethanol Reopen 17:00","20191128","N","R"
"CBOT","Globex Fertilizer Early Close 12:00","20191128","N","R"
"CBOT","Globex Fertilizer Reopen 17:00","20191128","N","R"
"CBOT","Globex Interest Rates Early Close 12:00","20191128","N","R"
"CBOT","Globex Interest Rates Reopen 17:00","20191128","N","R"
"CBOT","Globex US Equity BTIC Day Session Closed 00:00","20191128","N","R"
"CBOT","Globex US Equity BTIC Reopen 17:00","20191128","N","R"
"CBOT","Floor Grains Early Close 12:00","20191129","N","R"
"CBOT","Floor Interest Rates Early Close 12:00","20191129","N","R"
"CBOT","Globex Aus Wheat, BS Wheat FOB & BS Corn FOB Early Close 12:45","20191129","N","R"
"CBOT","Globex BB Comm Index (inc BTIC) Early Close 12:00","20191129","N","R"
"CBOT","Globex BB RS Comm Index Early Close 12:00","20191129","N","R"
"CBOT","Globex Equities (exc BTIC) Early Close 12:15","20191129","N","R"
"CBOT","Globex Ethanol Early Close 12:45","20191129","N","R"
"CBOT","Globex Fertilizer Early Close 12:45","20191129","N","R"
"CBOT","Globex Grains & Oilseeds (exc TAS & Mini) Early Close 12:05","20191129","N","R"
"CBOT","Globex Grains & Oilseeds TAS Early Close 12:00","20191129","N","R"
"CBOT","Globex Interest Rates Early Close 12:15","20191129","N","R"
"CBOT","Globex Mini-sized Grains & Oilseeds Early Close 12:30","20191129","N","R"
"CBOT","Globex US Equity BTIC Early Close 12:00","20191129","N","R"
"CBOT","Floor Grains Early Close 12:00","20191224","N","R"
"CBOT","Floor Interest Rates Early Close 12:00","20191224","N","R"
"CBOT","Globex Aus Wheat, BS Wheat FOB & BS Corn FOB Early Close 12:45 & Evening Session Closed","20191224","N","R"
"CBOT","Globex BB Comm Index (inc BTIC) Early Close 12:00","20191224","N","R"
"CBOT","Globex BB RS Comm Index Early Close 12:00 & Evening Session Closed","20191224","N","R"
"CBOT","Globex Equities (exc BTIC) Early Close 12:15 & Evening Session Closed","20191224","N","R"
"CBOT","Globex Ethanol Early Close 12:45 & Evening Session Closed","20191224","N","R"
"CBOT","Globex Fertilizer Early Close 12:15 & Evening Session Closed","20191224","N","R"
"CBOT","Globex Grains & Oilseeds (exc TAS & Mini) Early Close 12:05 & Evening Session Closed","20191224","N","R"
"CBOT","Globex Grains & Oilseeds TAS Early Close 12:00 & Evening Session Closed","20191224","N","R"
"CBOT","Globex Interest Rates Early Close 12:15 & Evening Session Closed","20191224","N","R"
"CBOT","Globex Mini-sized Grains & Oilseeds Early Close 12:30 & Evening Session Closed","20191224","N","R"
"CBOT","Globex US Equity BTIC Early Close 12:00 & Evening Session Closed","20191224","N","R"
"CBOT","Floor Closed","20191225","N","R"
"CBOT","Globex Aus Wheat, BS Wheat FOB & BS Corn FOB Day Session Closed 00:00","20191225","N","R"
"CBOT","Globex Aus Wheat, BS Wheat FOB & BS Corn FOB Reopen 17:00","20191225","N","R"
"CBOT","Globex BB Comm Index (inc BTIC) Closed","20191225","N","R"
"CBOT","Globex BB RS Comm Index Day Session Closed 00:00","20191225","N","R"
"CBOT","Globex BB RS Comm Index Reopen 17:00","20191225","N","R"
"CBOT","Globex Equities (exc BTIC) Day Session Closed 00:00","20191225","N","R"
"CBOT","Globex Equities (exc BTIC) Reopen 17:00","20191225","N","R"
"CBOT","Globex Ethanol Day Session Closed 00:00","20191225","N","R"
"CBOT","Globex Ethanol Reopen 17:00","20191225","N","R"
"CBOT","Globex Fertilizer Day Session Closed 00:00","20191225","N","R"
"CBOT","Globex Fertilizer Reopen 17:00","20191225","N","R"
"CBOT","Globex Grains & Oilseeds (inc TAS) Closed","20191225","N","R"
"CBOT","Globex Interest Rates Day Session Closed 00:00","20191225","N","R"
"CBOT","Globex Interest Rates Reopen 17:00","20191225","N","R"
"CBOT","Globex Mini-sized Grains & Oilseeds Closed","20191225","N","R"
"CBOT","Globex US Equity BTIC Day Session Closed 00:00","20191225","N","R"
"CBOT","Globex US Equity BTIC Reopen 17:00","20191225","N","R"
"CBOT","Globex Grains & Oilseeds (inc TAS) Late Open 08:30","20191226","N","R"
"CBOT","Globex Mini-sized Grains & Oilseeds Late Open 08:30","20191226","N","R"
"CBOT","Floor Interest Rates Early Close 12:00","20191231","N","R"
"CBOT","Globex Aus Wheat, BS Wheat FOB & BS Corn FOB Evening Session Closed 17:00","20191231","N","R"
"CBOT","Globex BB RS Comm Index Evening Session Closed 17:00","20191231","N","R"
"CBOT","Globex Equities (exc BTIC) Evening Session Closed 17:00","20191231","N","R"
"CBOT","Globex Ethanol Evening Session Closed 17:00","20191231","N","R"
"CBOT","Globex Fertilizer Evening Session Closed 17:00","20191231","N","R"
"CBOT","Globex Grains & Oilseeds (inc TAS) Evening Session Closed 19:00","20191231","N","R"
"CBOT","Globex Interest Rates Evening Session Closed 17:00","20191231","N","R"
"CBOT","Globex Mini-sized Grains & Oilseeds Evening Session Closed 19:00","20191231","N","R"
"CBOT","Globex US Equity BTIC Evening Session Closed 17:00","20191231","N","R"
"CBOT","Floor Closed","20200101","N","R"
"CBOT","Globex Aus Wheat, BS Wheat FOB & BS Corn FOB Day Session Closed 00:00","20200101","N","R"
"CBOT","Globex Aus Wheat, BS Wheat FOB & BS Corn FOB Reopen 17:00","20200101","N","R"
"CBOT","Globex BB Comm Index (inc BTIC) Closed","20200101","N","R"
"CBOT","Globex BB RS Comm Index Day Session Closed 00:00","20200101","N","R"
"CBOT","Globex BB RS Comm Index Reopen 17:00","20200101","N","R"
"CBOT","Globex Equities (exc BTIC) Day Session Closed 00:00","20200101","N","R"
"CBOT","Globex Equities (exc BTIC) Reopen 17:00","20200101","N","R"
"CBOT","Globex Ethanol Day Session Closed 00:00","20200101","N","R"
"CBOT","Globex Ethanol Reopen 17:00","20200101","N","R"
"CBOT","Globex Fertilizer Day Session Closed 00:00","20200101","N","R"
"CBOT","Globex Fertilizer Reopen 17:00","20200101","N","R"
"CBOT","Globex Grains & Oilseeds (inc TAS) Closed","20200101","N","R"
"CBOT","Globex Interest Rates Day Session Closed 00:00","20200101","N","R"
"CBOT","Globex Interest Rates Reopen 17:00","20200101","N","R"
"CBOT","Globex Mini-sized Grains & Oilseeds Closed","20200101","N","R"
"CBOT","Globex US Equity BTIC Day Session Closed 00:00","20200101","N","R"
"CBOT","Globex US Equity BTIC Reopen 17:00","20200101","N","R"
"CBOT","Globex Grains & Oilseeds (inc TAS) Late Open 08:30","20200102","N","R"
"CBOT","Globex Mini-sized Grains & Oilseeds Late Open 08:30","20200102","N","R"
"CFE","CBOE Non VX Closed","20191128","N","R"
"CFE","CBOE VX (inc TAS) & XBT and AMERIBOR  Early Close 10:30","20191128","N","R"
"CFE","CBOE VX (inc TAS) & XBT and AMERIBOR  Reopen 17:00","20191128","N","R"
"CFE","CBOE VX (inc TAS) & XBT and AMERIBOR  Early Close 12:15","20191129","N","R"
"CFE","CBOE Non VX Closed","20191225","N","R"
"CFE","CBOE VX (inc TAS) & XBT and AMERIBOR  Late Open 17:00","20191225","N","R"
"CFE","CBOE Non VX Closed","20200101","N","R"
"CFE","CBOE VX (inc TAS) & XBT and AMERIBOR  Late Open 17:00","20200101","N","R"
"CFFEX","Holiday","20191001","Y","R"
"CFFEX","Holiday","20191002","Y","R"
"CFFEX","Holiday","20191003","Y","R"
"CFFEX","Holiday","20191004","Y","R"
"CFFEX","Holiday","20191007","Y","R"
"CME","Floor FX Closed","20191014","N","R"
"CME","Floor Interest Rates Closed","20191014","N","R"
"CME","Floor FX Closed","20191111","N","R"
"CME","Floor Interest Rates Closed","20191111","N","R"
"CME","Globex Dairy Evening Session Closed 17:00","20191127","N","R"
"CME","Globex E-mini FTSE BTIC Evening Session Closed 17:00","20191127","N","R"
"CME","Globex E-mini FTSE China 50 BTIC Evening Session Closed 17:00","20191127","N","R"
"CME","Globex E-mini FTSE Developed Euro BTIC Evening Session Closed 17:00","20191127","N","R"
"CME","Globex E-mini FTSE Emerging BTIC Evening Session Closed 17:00","20191127","N","R"
"CME","Globex E-mini S&P TACO Evening Session Closed 17:00","20191127","N","R"
"CME","Globex Nikkei/Topix BTIC  Evening Session Closed 17:00","20191127","N","R"
"CME","Globex US Equity BTIC Evening Session Closed 17:00","20191127","N","R"
"CME","Floor Closed","20191128","N","R"
"CME","Globex Big Equities Early Close 12:00","20191128","N","R"
"CME","Globex Big Equities Reopen 17:00","20191128","N","R"
"CME","Globex Dairy Closed","20191128","N","R"
"CME","Globex E-mini FTSE BTIC Day Session Closed","20191128","N","R"
"CME","Globex E-mini FTSE BTIC Reopen 17:00","20191128","N","R"
"CME","Globex E-mini FTSE China 50 BTIC Day Session Closed","20191128","N","R"
"CME","Globex E-mini FTSE China 50 BTIC Reopen 17:00","20191128","N","R"
"CME","Globex E-mini FTSE Developed Euro BTIC Day Session Closed","20191128","N","R"
"CME","Globex E-mini FTSE Developed Euro BTIC Reopen 17:00","20191128","N","R"
"CME","Globex E-mini FTSE Emerging BTIC Day Session Closed","20191128","N","R"
"CME","Globex E-mini FTSE Emerging BTIC Reopen 17:00","20191128","N","R"
"CME","Globex E-mini S&P TACO Day Session Closed","20191128","N","R"
"CME","Globex E-mini S&P TACO Reopen 17:00","20191128","N","R"
"CME","Globex Equities (exc BTICs) & Bitcoin Early Close 12:00","20191128","N","R"
"CME","Globex Equities (exc BTICs) & Bitcoin Reopen 17:00","20191128","N","R"
"CME","Globex FX Early Close 12:00","20191128","N","R"
"CME","Globex FX Reopen 17:00","20191128","N","R"
"CME","Globex Interest Rates Early Close 12:00","20191128","N","R"
"CME","Globex Interest Rates Reopen 17:00","20191128","N","R"
"CME","Globex Livestock (inc TAS) Closed","20191128","N","R"
"CME","Globex Lumber Closed","20191128","N","R"
"CME","Globex Malaysian Palm Oil Suite Closed","20191128","N","R"
"CME","Globex Nikkei/Topix BTIC  Day Session Closed 00:00","20191128","N","R"
"CME","Globex Nikkei/Topix BTIC Reopen 17:00","20191128","N","R"
"CME","Globex Real Estate Closed","20191128","N","R"
"CME","Globex US Equity BTIC Day Session Closed","20191128","N","R"
"CME","Globex US Equity BTIC Reopen 17:00","20191128","N","R"
"CME","Floor Dairy Closed","20191129","N","R"
"CME","Floor Equities Early Close 12:15","20191129","N","R"
"CME","Floor FX Early Close 12:00","20191129","N","R"
"CME","Floor Interest Rates Early Close 12:00","20191129","N","R"
"CME","Floor Livestock Early Close 12:02","20191129","N","R"
"CME","Floor Lumber Early Close 12:02","20191129","N","R"
"CME","Floor Real Estate Early Close 12:00","20191129","N","R"
"CME","Floor Weather Early Close 12:00","20191129","N","R"
"CME","Globex Dairy Closed","20191129","N","R"
"CME","Globex E-mini FTSE Emerging BTIC Early Close 12:00","20191129","N","R"
"CME","Globex Equities (exc BTICs) & Bitcoin Early Close 12:15","20191129","N","R"
"CME","Globex FX Early Close 12:15","20191129","N","R"
"CME","Globex Interest Rates Early Close 12:15","20191129","N","R"
"CME","Globex Livestock (exc TAS) Early Close 12:15","20191129","N","R"
"CME","Globex Livestock TAS Early Close 12:00","20191129","N","R"
"CME","Globex Lumber Futures Early Close 12:00","20191129","N","R"
"CME","Globex Lumber Options Early Close 12:02","20191129","N","R"
"CME","Globex Malaysian Palm Oil Suite Early Close 12:00","20191129","N","R"
"CME","Globex Real Estate Early Close 12:15","20191129","N","R"
"CME","Globex S&P GSCI (GD) Early Close 12:15","20191129","N","R"
"CME","Globex S&P GSCI (GIE) Early Close 12:00","20191129","N","R"
"CME","Globex US Equity BTIC Early Close 12:00","20191129","N","R"
"CME","Globex Weather Early Close 12:00","20191129","N","R"
"CME","Floor Dairy Early Close 12:00","20191224","N","R"
"CME","Floor Equities Early Close 12:15","20191224","N","R"
"CME","Floor FX Early Close 12:00","20191224","N","R"
"CME","Floor Interest Rates Early Close 12:00","20191224","N","R"
"CME","Floor Livestock Early Close 12:02","20191224","N","R"
"CME","Floor Lumber Early Close 12:02","20191224","N","R"
"CME","Floor Real Estate Early Close 12:00","20191224","N","R"
"CME","Floor Weather Early Close 12:00","20191224","N","R"
"CME","Globex  E-mini FTSE Emerging BTIC Early Close 12:00 & Evening Session Closed","20191224","N","R"
"CME","Globex Big Equities Early Close 12:15 & Evening Session Closed","20191224","N","R"
"CME","Globex Dairy Early Close 12:00 & Evening Session Closed","20191224","N","R"
"CME","Globex E-mini FTSE BTIC Early Close 06:30 & Evening Session Closed","20191224","N","R"
"CME","Globex Eq (exc BTICs) & Bitcoin Early Close 12:15 & Evening Sess Closed","20191224","N","R"
"CME","Globex FX Early Close 12:15 & Evening Session Closed","20191224","N","R"
"CME","Globex Interest Rates Early Close 12:15 & Evening Session Closed","20191224","N","R"
"CME","Globex Livestock (exc TAS) Early Close 12:15","20191224","N","R"
"CME","Globex Livestock TAS Early Close 12:00","20191224","N","R"
"CME","Globex Lumber Futures Early Close 12:00","20191224","N","R"
"CME","Globex Lumber Options Early Close 12:02","20191224","N","R"
"CME","Globex Malaysian Palm Oil Suite Early Close 12:05","20191224","N","R"
"CME","Globex Nikkei/Topix BTIC Evening Session Closed 17:00","20191224","N","R"
"CME","Globex Real Estate Early Close 12:15","20191224","N","R"
"CME","Globex S&P GSCI (GD) Early Close 12:15","20191224","N","R"
"CME","Globex S&P GSCI (GIE) Early Close 12:00","20191224","N","R"
"CME","Globex US Equity BTIC Early Close 12:00 & Evening Session Closed","20191224","N","R"
"CME","Globex Weather Early Close 12:00","20191224","N","R"
"CME","Floor Closed","20191225","N","R"
"CME","Globex Big Equities Day Session Closed","20191225","N","R"
"CME","Globex Big Equities Reopen 17:00","20191225","N","R"
"CME","Globex Dairy Day Session Closed","20191225","N","R"
"CME","Globex Dairy Reopen 17:00","20191225","N","R"
"CME","Globex E-mini FTSE BTIC Closed","20191225","N","R"
"CME","Globex E-mini FTSE China 50 BTIC Closed","20191225","N","R"
"CME","Globex E-mini FTSE Developed Euro BTIC Day Session Closed","20191225","N","R"
"CME","Globex E-mini FTSE Developed Euro BTIC Reopen 17:00","20191225","N","R"
"CME","Globex E-mini FTSE Emerging BTIC Day Session Closed","20191225","N","R"
"CME","Globex E-mini FTSE Emerging BTIC Reopen 17:00","20191225","N","R"
"CME","Globex E-mini S&P TACO Day Session Closed","20191225","N","R"
"CME","Globex E-mini S&P TACO Reopen 17:00","20191225","N","R"
"CME","Globex Equities (exc BTICs) & Bitcoin Day Session Closed","20191225","N","R"
"CME","Globex Equities (exc BTICs) & Bitcoin Reopen 17:00","20191225","N","R"
"CME","Globex FX Early Close 12:00","20191225","N","R"
"CME","Globex FX Reopen 17:00","20191225","N","R"
"CME","Globex Interest Rates Early Close 12:00","20191225","N","R"
"CME","Globex Interest Rates Reopen 17:00","20191225","N","R"
"CME","Globex Livestock (inc TAS) Closed","20191225","N","R"
"CME","Globex Lumber Closed","20191225","N","R"
"CME","Globex Malaysian Palm Oil Suite Closed","20191225","N","R"
"CME","Globex Nikkei/Topix BTIC Day Session Closed 00:00","20191225","N","R"
"CME","Globex Nikkei/Topix BTIC Reopen 17:00","20191225","N","R"
"CME","Globex Real Estate Closed","20191225","N","R"
"CME","Globex S&P GSCI Day Session Closed","20191225","N","R"
"CME","Globex S&P GSCI Reopen 17:00","20191225","N","R"
"CME","Globex US Equity BTIC Day Session Closed","20191225","N","R"
"CME","Globex US Equity BTIC Reopen 17:00","20191225","N","R"
"CME","Globex Weather Day Session Closed","20191225","N","R"
"CME","Globex Weather Reopen 17:00","20191225","N","R"
"CME","Globex E-mini FTSE BTIC Closed","20191226","N","R"
"CME","Globex E-mini FTSE China 50 BTIC Closed","20191226","N","R"
"CME","Floor FX Early Close 12:00","20191231","N","R"
"CME","Floor Interest Rates Early Close 12:00","20191231","N","R"
"CME","Globex Big Equities Evening Session Closed 17:00","20191231","N","R"
"CME","Globex Dairy Early Close 13:55 & Evening Session Closed","20191231","N","R"
"CME","Globex E-mini FTSE BTIC Evening Session Closed 17:00","20191231","N","R"
"CME","Globex E-mini FTSE China 50 BTIC Evening Session Closed 17:00","20191231","N","R"
"CME","Globex E-mini FTSE Developed Euro BTIC Evening Session Closed 17:00","20191231","N","R"
"CME","Globex E-mini FTSE Emerging BTIC Evening Session Closed 17:00","20191231","N","R"
"CME","Globex E-mini S&P TACO Evening Session Closed 17:00","20191231","N","R"
"CME","Globex Equities (exc BTICs) & Bitcoin Evening Session Closed 17:00","20191231","N","R"
"CME","Globex FX Evening Session Closed 17:00","20191231","N","R"
"CME","Globex Interest Rates Evening Session Closed 17:00","20191231","N","R"
"CME","Globex Lumber Early Close 13:55","20191231","N","R"
"CME","Globex Nikkei/Topix BTIC Evening Session Closed 17:00","20191231","N","R"
"CME","Globex S&P GSCI Evening Session Closed 17:00","20191231","N","R"
"CME","Globex US Equity BTIC Evening Session Closed 17:00","20191231","N","R"
"CME","Globex Weather Evening Session Closed 17:00","20191231","N","R"
"CME","Floor Closed","20200101","N","R"
"CME","Globex Big Equities Day Session Closed","20200101","N","R"
"CME","Globex Big Equities Reopen 17:00","20200101","N","R"
"CME","Globex Dairy Day Session Closed","20200101","N","R"
"CME","Globex Dairy Reopen 17:00","20200101","N","R"
"CME","Globex E-mini FTSE BTIC Day Session Closed","20200101","N","R"
"CME","Globex E-mini FTSE BTIC Reopen 17:00","20200101","N","R"
"CME","Globex E-mini FTSE China 50 BTIC Day Session Closed","20200101","N","R"
"CME","Globex E-mini FTSE China 50 BTIC Reopen 17:00","20200101","N","R"
"CME","Globex E-mini FTSE Developed Euro BTIC Day Session Closed","20200101","N","R"
"CME","Globex E-mini FTSE Developed Euro BTIC Reopen 17:00","20200101","N","R"
"CME","Globex E-mini FTSE Emerging BTIC Day Session Closed","20200101","N","R"
"CME","Globex E-mini FTSE Emerging BTIC Reopen 17:00","20200101","N","R"
"CME","Globex E-mini S&P TACO Day Session Closed","20200101","N","R"
"CME","Globex E-mini S&P TACO Reopen 17:00","20200101","N","R"
"CME","Globex Equities (exc BTICs) & Bitcoin Day Session Closed","20200101","N","R"
"CME","Globex Equities (exc BTICs) & Bitcoin Reopen 17:00","20200101","N","R"
"CME","Globex FX Early Close 12:00","20200101","N","R"
"CME","Globex FX Reopen 17:00","20200101","N","R"
"CME","Globex Interest Rates Early Close 12:00","20200101","N","R"
"CME","Globex Interest Rates Reopen 17:00","20200101","N","R"
"CME","Globex Livestock (inc TAS) Closed","20200101","N","R"
"CME","Globex Lumber Closed","20200101","N","R"
"CME","Globex Malaysian Palm Oil Suite Closed","20200101","N","R"
"CME","Globex Nikkei/Topix BTIC Day Session Closed 00:00","20200101","N","R"
"CME","Globex Nikkei/Topix BTIC Reopen 17:00","20200101","N","R"
"CME","Globex Real Estate Closed","20200101","N","R"
"CME","Globex S&P GSCI Day Session Closed","20200101","N","R"
"CME","Globex S&P GSCI Reopen 17:00","20200101","N","R"
"CME","Globex US Equity BTIC Day Session Closed","20200101","N","R"
"CME","Globex US Equity BTIC Reopen 17:00","20200101","N","R"
"CME","Globex Weather Day Session Closed","20200101","N","R"
"CME","Globex Weather Reopen 17:00","20200101","N","R"
"COMEX","Globex Gold TAS Early Close 13:00","20191128","N","R"
"COMEX","Globex Gold TAS Reopen 18:00","20191128","N","R"
"COMEX","Globex Metals (excl TAS & TAM) Early Close 13:00","20191128","N","R"
"COMEX","Globex Metals (excl TAS & TAM) Reopen 18:00","20191128","N","R"
"COMEX","Globex Silver TAS Early Close 13:00","20191128","N","R"
"COMEX","Globex Silver TAS Reopen 18:00","20191128","N","R"
"COMEX","Globex Copper TAS Early Close 12:00","20191129","N","R"
"COMEX","Globex Gold TAS Early Close 12:30","20191129","N","R"
"COMEX","Globex Metals (excl TAS & TAM) Early Close 13:45","20191129","N","R"
"COMEX","Globex Silver TAS Early Close 12:25","20191129","N","R"
"COMEX","Globex Copper TAS Early Close 12:00 & Evening Session Closed","20191224","N","R"
"COMEX","Globex Gold TAS Early Close 12:30 & Evening Session Closed","20191224","N","R"
"COMEX","Globex Metals (excl TAS & TAM) Early Close 13:45 & Evening Session Closed","20191224","N","R"
"COMEX","Globex Metals TAM Evening Session Closed 18:00","20191224","N","R"
"COMEX","Globex Silver TAS Early Close 12:25 & Evening Session Closed","20191224","N","R"
"COMEX","Globex Evening Session Closed 18:00","20191231","N","R"
"COMEX","Globex Day Session Closed 00:00","20200101","N","R"
"COMEX","Globex Reopen 18:00","20200101","N","R"
"DCE","Night Session Closed 21:00","20190930","N","R"
"DCE","Holiday","20191001","Y","R"
"DCE","Holiday","20191002","Y","R"
"DCE","Holiday","20191003","Y","R"
"DCE","Holiday","20191004","Y","R"
"DCE","Holiday","20191007","Y","R"
"DGCX","Holiday","20191225","Y","R"
"DGCX","Holiday","20200101","Y","R"
"DGCX","Holiday","20200410","Y","R"
"DGCX","Holiday","20201225","Y","R"
"DGCX","Holiday","20210101","Y","R"
"DGCX","Holiday","20210402","Y","R"
"DME","Globex (excl Oman Crude TAM) Early Close 12:00 CT","20191128","N","R"
"DME","Globex (excl Oman Crude TAM) Reopen 17:00 CT","20191128","N","R"
"DME","Globex (excl Oman Crude TAM) Early Close 12:45 CT","20191129","N","R"
"DME","Globex (excl Oman Crude TAM) Early Close 12:45 CT & Evening Session Closed","20191224","N","R"
"DME","Globex Oman Crude TAM Closed 17:00 CT","20191224","N","R"
"DME","Globex Day Session Closed Closed 00:00 CT","20191225","N","R"
"DME","Globex Reopen 17:00 CT","20191225","N","R"
"DME","Globex Evening Session Closed 17:00 CT","20191231","N","R"
"DME","Gobex Day Session Closed 00:00 CT","20200101","N","R"
"DME","Gobex Day Session Reopen 17:00 CT","20200101","N","R"
"ENX-FR","Holiday","20191225","Y","R"
"ENX-FR","Holiday","20191226","Y","R"
"EUREX","ETC based on Xetra (Xetra) Closed","20191003","N","R"
"EUREX","ETF's Closed","20191003","N","R"
"EUREX","German Equities Closed","20191003","N","R"
"EUREX","German Index Options Closed","20191003","N","R"
"EUREX","KOSPI Closed","20191003","N","R"
"EUREX","KOSPI Closed","20191009","N","R"
"EUREX","Polish Equities Closed","20191101","N","R"
"EUREX","Polish Equities Closed","20191111","N","R"
"EUREX","Brazilian Equities Closed","20191128","N","R"
"EUREX","Canadian Equities Closed","20191128","N","R"
"EUREX","US Equities Closed","20191128","N","R"
"EUREX","Finnish Equities Closed","20191206","N","R"
"EUREX","Finnish Index Closed","20191206","N","R"
"EUREX","Holiday","20191224","Y","R"
"EUREX","Holiday","20191225","Y","R"
"EUREX","Holiday","20191226","Y","R"
"EUREX","Holiday","20191231","Y","R"
"HKEX","Holiday","20191001","Y","R"
"HKEX","Holiday","20191007","Y","R"
"HKEX","Hibor/Stock & ETF Early Close 12:00","20191224","N","R"
"HKEX","Index/Currency/Gold/London Mini Metals/Iron Ore Early Close 12:30","20191224","N","R"
"HKEX","Holiday","20191225","Y","R"
"HKEX","Holiday","20191226","Y","R"
"HKEX","Hibor/Stock & ETF Early Close 12:00","20191231","N","R"
"HKEX","Index/Currency/Gold/London Mini Metals/Iron Ore Early Close 12:30","20191231","N","R"
"HKEX","Holiday","20200101","Y","R"
"HKEX","Hibor/Stock & ETF Early Close 12:00","20200124","N","R"
"HKEX","Index/Currency/Gold/London Mini Metals/Iron Ore Early Close 12:30","20200124","N","R"
"HKEX","Holiday","20200127","Y","R"
"HKEX","Holiday","20200128","Y","R"
"HKEX","Holiday","20200410","Y","R"
"HKEX","Holiday","20200413","Y","R"
"HKEX","Holiday","20200430","Y","R"
"HKEX","Holiday","20200501","Y","R"
"HKEX","Holiday","20200625","Y","R"
"HKEX","Holiday","20200701","Y","R"
"HKEX","Holiday","20201001","Y","R"
"HKEX","Holiday","20201002","Y","R"
"HKEX","Holiday","20201026","Y","R"
"HKEX","Hibor/Stock & ETF Early Close 12:00","20201224","N","R"
"HKEX","Index/Currency/Gold/London Mini Metals/Iron Ore Early Close 12:30","20201224","N","R"
"HKEX","Holiday","20201225","Y","R"
"HKEX","Hibor/Stock & ETF Early Close 12:00","20201231","N","R"
"HKEX","Index/Currency/Gold/London Mini Metals/Iron Ore Early Close 12:30","20201231","N","R"
"ICESING","Mini Brent Crude (inc TAS) Early Close 02:30","20191128","N","R"
"ICESING","Mini Low Sulphur Gasoil (inc TAS) Early Close 02:30","20191128","N","R"
"ICESING","Mini Low Sulphur Gasoil US MM Early Close 02:00","20191128","N","R"
"ICESING","Mini NYSE FANG+ Index Early Close 02:00","20191128","N","R"
"ICESING","Mini NYSE FANG+ Index TAS Closed","20191128","N","R"
"ICESING","Mini USD Index Early Close 02:00","20191128","N","R"
"ICESING","Mini USD Index TAS Closed","20191128","N","R"
"ICESING","Mini WTI Crude (inc TAS) Early Close 02:30","20191128","N","R"
"ICESING","Mini Brent Crude (inc TAS) Early Close 03:00","20191129","N","R"
"ICESING","Mini Low Sulphur Gasoil (inc TAS) Early Close 03:00","20191129","N","R"
"ICESING","Mini Low Sulphur Gasoil US MM Early Close 02:30","20191129","N","R"
"ICESING","Mini NYSE FANG+ Index Early Close 02:15","20191129","N","R"
"ICESING","Mini NYSE FANG+ Index TAS Early Close 02:15","20191129","N","R"
"ICESING","Mini USD Index Early Close 02:15","20191129","N","R"
"ICESING","Mini USD Index TAS Early Close 02:00","20191129","N","R"
"ICESING","Mini WTI Crude (inc TAS) Early Close 03:00","20191129","N","R"
"ICESING","Holiday","20191225","Y","R"
"ICESING","Holiday","20200101","Y","R"
"ICESING","Holiday","20200410","Y","R"
"ICESING","Holiday","20201225","Y","R"
"INE","Holiday","20191001","Y","R"
"INE","Holiday","20191002","Y","R"
"INE","Holiday","20191003","Y","R"
"INE","Holiday","20191004","Y","R"
"INE","Holiday","20191007","Y","R"
"IPE","Brent/WTI/Permian WTI/Heating Oil & RBOB TAS Early Close 18:00","20191128","N","R"
"IPE","Brent/WTI/Permian WTI/LS Gasoil/Heating Oil & RBOB excl TAS & MM Early Close 18:30","20191128","N","R"
"IPE","GCF Repo/Eurodollar Early Close 18:00","20191128","N","R"
"IPE","LS Gasoil MM Early Close 18:00","20191128","N","R"
"IPE","Natural Gas 1st Line Early Close 18:30","20191128","N","R"
"IPE","Transitioned Contracts Early Close 18:30","20191128","N","R"
"IPE","US Coal/Int Coal Early Close 18:30","20191128","N","R"
"IPE","Brent/WTI/Permian WTI/Heating Oil & RBOB TAS Early Close 18:30","20191129","N","R"
"IPE","Brent/WTI/Permian WTI/LS Gasoil/Heating Oil & RBOB excl TAS & MM Early Close 19:00","20191129","N","R"
"IPE","GCF Repo/Eurodollar Early Close 18:15","20191129","N","R"
"IPE","LS Gasoil MM Early Close 18:30","20191129","N","R"
"IPE","Natural Gas 1st Line Early Close 19:00","20191129","N","R"
"IPE","Transitioned Contracts Early Close 19:00","20191129","N","R"
"IPE","US Coal/Int Coal Early Close 19:00","20191129","N","R"
"IPE","Brent MM Early Close 12:30","20191224","N","R"
"IPE","Brent/WTI/Permian WTI/Heating Oil & RBOB TAS Early Close 18:30","20191224","N","R"
"IPE","Brent/WTI/Permian WTI/LS Gasoil/Heating Oil & RBOB excl TAS & MM Early Close 19:00","20191224","N","R"
"IPE","Emissions TAS Early Close 12:00","20191224","N","R"
"IPE","GCF Repo/Eurodollar Early Close 18:15","20191224","N","R"
"IPE","LS Gasoil MM Early Close 18:30","20191224","N","R"
"IPE","LS Gasoil TAS Early Close 12:30","20191224","N","R"
"IPE","Natural Gas 1st Line Early Close 19:00","20191224","N","R"
"IPE","Singapore MM Early Close 04:30","20191224","N","R"
"IPE","Transitioned Contracts Early Close 19:00","20191224","N","R"
"IPE","UK Natural Gas TAS Early Close 12:15","20191224","N","R"
"IPE","US Coal/Int Coal Early Close 19:00","20191224","N","R"
"IPE","Holiday","20191225","Y","R"
"IPE","Emissions/UK Natural Gas/Natural Gas 1st Line & Power inc TAS & Daily Closed","20191226","N","R"
"IPE","Brent MM Early Close 12:30","20191231","N","R"
"IPE","Brent/WTI/Permian WTI/Heating Oil & RBOB TAS Early Close 19:30","20191231","N","R"
"IPE","Brent/WTI/Permian WTI/LS Gasoil/Heating Oil & RBOB excl TAS & MM Early Close 20:00","20191231","N","R"
"IPE","Emissions TAS Early Close 12:00","20191231","N","R"
"IPE","GCF Repo/Eurodollar Early Close 20:00","20191231","N","R"
"IPE","LS Gasoil TAS Early Close 12:30","20191231","N","R"
"IPE","Natural Gas 1st Line Early Close 20:00","20191231","N","R"
"IPE","Singapore MM Early Close 04:30","20191231","N","R"
"IPE","Transitioned Contracts Early Close 20:00","20191231","N","R"
"IPE","UK Natural Gas TAS Early Close 12:15","20191231","N","R"
"IPE","US Coal/Int Coal Early Close 20:00","20191231","N","R"
"IPE","Holiday","20200101","Y","R"
"IPE","Brent/WTI/Permian WTI/Heating Oil & RBOB TAS Early Close 18:00","20200120","N","R"
"IPE","GCF Repo/Eurodollar Early Close 18:00","20200120","N","R"
"IPE","LS Gasoil MM Early Close 18:00","20200120","N","R"
"IPE","Singapore MM Early Close 04:30","20200124","N","R"
"IPE","Brent/WTI/Permian WTI/Heating Oil & RBOB TAS Early Close 18:00","20200217","N","R"
"IPE","GCF Repo/Eurodollar Early Close 18:00","20200217","N","R"
"IPE","LS Gasoil MM Early Close 18:00","20200217","N","R"
"IPE","Singapore MM Early Close 04:30","20200409","N","R"
"IPE","Holiday","20200410","Y","R"
"IPE","Emissions/UK Natural Gas/Natural Gas 1st Line & Power inc TAS & Daily Closed","20200413","N","R"
"IPE","UK Natural Gas/Natural Gas 1st Line & Power inc TAS & Daily Closed","20200508","N","R"
"IPE","Brent/WTI/Permian WTI/Heating Oil & RBOB TAS Early Close 18:00","20200525","N","R"
"IPE","Brent/WTI/Permian WTI/LS Gasoil/Heating Oil & RBOB excl TAS & MM Early Close 18:30","20200525","N","R"
"IPE","GCF Repo/Eurodollar Early Close 18:00","20200525","N","R"
"IPE","LS Gasoil MM Early Close 18:00","20200525","N","R"
"IPE","Transitioned Contracts Early Close 18:30","20200525","N","R"
"IPE","UK Natural Gas/Natural Gas 1st Line & Power inc TAS & Daily Closed","20200525","N","R"
"IPE","US Coal/Int Coal Early Close 18:30","20200525","N","R"
"IPE","Brent/WTI/Permian WTI/Heating Oil & RBOB TAS Early Close 18:00","20200703","N","R"
"IPE","Brent/WTI/Permian WTI/LS Gasoil/Heating Oil & RBOB excl TAS & MM Early Close 18:30","20200703","N","R"
"IPE","GCF Repo/Eurodollar Early Close 18:00","20200703","N","R"
"IPE","LS Gasoil MM Early Close 18:00","20200703","N","R"
"IPE","Transitioned Contracts Early Close 18:30","20200703","N","R"
"IPE","US Coal/Int Coal Early Close 18:30","20200703","N","R"
"IPE","UK Natural Gas/Natural Gas 1st Line & Power inc TAS & Daily Closed","20200831","N","R"
"IPE","Brent/WTI/Permian WTI/Heating Oil & RBOB TAS Early Close 18:00","20200907","N","R"
"IPE","Brent/WTI/Permian WTI/LS Gasoil/Heating Oil & RBOB excl TAS & MM Early Close 18:30","20200907","N","R"
"IPE","GCF Repo/Eurodollar Early Close 18:00","20200907","N","R"
"IPE","LS Gasoil MM Early Close 18:00","20200907","N","R"
"IPE","Transitioned Contracts Early Close 18:30","20200907","N","R"
"IPE","US Coal/Int Coal Early Close 18:30","20200907","N","R"
"IPE","Brent/WTI/Permian WTI/Heating Oil & RBOB TAS Early Close 18:00","20201126","N","R"
"IPE","Brent/WTI/Permian WTI/LS Gasoil/Heating Oil & RBOB excl TAS & MM Early Close 18:30","20201126","N","R"
"IPE","GCF Repo/Eurodollar Early Close 18:00","20201126","N","R"
"IPE","LS Gasoil MM Early Close 18:00","20201126","N","R"
"IPE","Transitioned Contracts Early Close 18:30","20201126","N","R"
"IPE","US Coal/Int Coal Early Close 18:30","20201126","N","R"
"IPE","Brent/WTI/Permian WTI/Heating Oil & RBOB TAS Early Close 18:30","20201127","N","R"
"IPE","Brent/WTI/Permian WTI/LS Gasoil/Heating Oil & RBOB excl TAS & MM Early Close 19:00","20201127","N","R"
"IPE","GCF Repo/Eurodollar Early Close 18:15","20201127","N","R"
"IPE","LS Gasoil MM Early Close 18:30","20201127","N","R"
"IPE","Transitioned Contracts Early Close 19:00","20201127","N","R"
"IPE","US Coal/Int Coal Early Close 19:00","20201127","N","R"
"IPE","Brent MM Early Close 12:30","20201224","N","R"
"IPE","Brent/WTI/Permian WTI/Heating Oil & RBOB excl TAS & MM Early Close 19:00","20201224","N","R"
"IPE","Brent/WTI/Permian WTI/Heating Oil & RBOB TAS Early Close 18:30","20201224","N","R"
"IPE","Emissions TAS Early Close 12:00","20201224","N","R"
"IPE","GCF Repo/Eurodollar Early Close 18:15","20201224","N","R"
"IPE","International Coal Early Close 19:00","20201224","N","R"
"IPE","LS Gasoil (excl TAS & MM) Early Close 19:00","20201224","N","R"
"IPE","LS Gasoil MM Early Close 18:30","20201224","N","R"
"IPE","LS Gasoil TAS Early Close 12:30","20201224","N","R"
"IPE","Natural Gas 1st Line Early Close 19:00","20201224","N","R"
"IPE","Singapore MM Early Close 04:30","20201224","N","R"
"IPE","Transitioned Contracts Early Close 19:00","20201224","N","R"
"IPE","UK Natural Gas TAS Early Close 12:15","20201224","N","R"
"IPE","US Coal Early Close 19:00","20201224","N","R"
"IPE","Holiday","20201225","Y","R"
"IPE","UK Natural Gas/Natural Gas 1st Line & Power inc TAS & Daily Closed","20201228","N","R"
"IPE","Brent MM Early Close 12:30","20201231","N","R"
"IPE","Brent/WTI/Permian WTI/Heating Oil & RBOB excl TAS & MM Early Close 20:00","20201231","N","R"
"IPE","Emissions TAS Early Close 12:00","20201231","N","R"
"IPE","GCF Repo/Eurodollar Early Close 20:00","20201231","N","R"
"IPE","International Coal Early Close 20:00","20201231","N","R"
"IPE","LS Gasoil (excl TAS & MM) Early Close 20:00","20201231","N","R"
"IPE","LS Gasoil TAS Early Close 12:30","20201231","N","R"
"IPE","Natural Gas 1st Line Early Close 20:00","20201231","N","R"
"IPE","Singapore MM Early Close 04:30","20201231","N","R"
"IPE","Transitioned Contracts Early Close 20:00","20201231","N","R"
"IPE","UK Natural Gas TAS Early Close 12:15","20201231","N","R"
"IPE","US Coal Early Close 20:00","20201231","N","R"
"IPE","Holiday","20210101","Y","R"
"KOFEX","Holiday","20191003","Y","R"
"KOFEX","Holiday","20191009","Y","R"
"KOFEX","Holiday","20191225","Y","R"
"KOFEX","Holiday","20191231","Y","R"
"KOFEX","Holiday","20200101","Y","R"
"KOFEX","Holiday","20200124","Y","R"
"KOFEX","Holiday","20200127","Y","R"
"KOFEX","Holiday","20200430","Y","R"
"KOFEX","Holiday","20200501","Y","R"
"KOFEX","Holiday","20200505","Y","R"
"KOFEX","Holiday","20200930","Y","R"
"KOFEX","Holiday","20201001","Y","R"
"KOFEX","Holiday","20201002","Y","R"
"KOFEX","Holiday","20201009","Y","R"
"KOFEX","Holiday","20201225","Y","R"
"KOFEX","Holiday","20201231","Y","R"
"LIFFE","USF Deutsche Borse Closed","20191003","N","R"
"LIFFE","One/Three Month SOFR Early Close 18:00","20191128","N","R"
"LIFFE","Swapnotes USD Early Close 18:00","20191128","N","R"
"LIFFE","White Sugar/Containerised White Sugar Early Close 17:00","20191128","N","R"
"LIFFE","One/Three Month SOFR Early Close 18:15","20191129","N","R"
"LIFFE","Swapnotes USD Early Close 18:00","20191129","N","R"
"LIFFE","USF Helsinki Stock Exchange Closed","20191206","N","R"
"LIFFE","Agriculturals (Excl UK Feed Wheat) Early Close 12:23","20191224","N","R"
"LIFFE","FTSE Index Early Close 13:00","20191224","N","R"
"LIFFE","UK Feed Wheat Early Close 12:18","20191224","N","R"
"LIFFE","USF Bolsa de Madrid Early Close 13:00","20191224","N","R"
"LIFFE","USF Borsa Italiana Closed","20191224","N","R"
"LIFFE","USF Deutsche Borse Closed","20191224","N","R"
"LIFFE","USF Euronext Amsterdam Early Close 13:05","20191224","N","R"
"LIFFE","USF Euronext Brussels Early Close 13:05","20191224","N","R"
"LIFFE","USF Euronext Paris Early Close 13:05","20191224","N","R"
"LIFFE","USF Helsinki Stock Exchange Closed","20191224","N","R"
"LIFFE","USF Wiener Borse Closed","20191224","N","R"
"LIFFE","Holiday","20191225","Y","R"
"LIFFE","Agriculturals Closed","20191226","N","R"
"LIFFE","EONIA - One Month Closed","20191226","N","R"
"LIFFE","Eris EUR Closed","20191226","N","R"
"LIFFE","Eris GBP Closed","20191226","N","R"
"LIFFE","EURIBOR Futures & Options Inc (Mid-Curve) Closed","20191226","N","R"
"LIFFE","Euroswiss Futures & Options Closed","20191226","N","R"
"LIFFE","FTSE Index Closed","20191226","N","R"
"LIFFE","German Government Bonds (Bobl, Schatz, Bund) Closed","20191226","N","R"
"LIFFE","Gilt Futures & Options Closed","20191226","N","R"
"LIFFE","Italian Government Bonds (BTP) Closed","20191226","N","R"
"LIFFE","One/Three Month SONI Closed","20191226","N","R"
"LIFFE","Short Sterling Futures & Options inc Mid-Curve Closed","20191226","N","R"
"LIFFE","Spanish Government Bonds (Bonos) Closed","20191226","N","R"
"LIFFE","Swapnotes Euro Closed","20191226","N","R"
"LIFFE","Swapnotes Sterling Closed","20191226","N","R"
"LIFFE","Swiss Confederation Bonds (CONF) Closed","20191226","N","R"
"LIFFE","Three Month SARON Closed","20191226","N","R"
"LIFFE","USF Bolsa de Madrid Closed","20191226","N","R"
"LIFFE","USF Borsa Italiana Closed","20191226","N","R"
"LIFFE","USF Deutsche Borse Closed","20191226","N","R"
"LIFFE","USF Euronext Amsterdam Closed","20191226","N","R"
"LIFFE","USF Euronext Brussels Closed","20191226","N","R"
"LIFFE","USF Euronext Paris Closed","20191226","N","R"
"LIFFE","USF Helsinki Stock Exchange Closed","20191226","N","R"
"LIFFE","USF Wiener Borse Closed","20191226","N","R"
"LIFFE","FTSE Index Early Close 13:00","20191231","N","R"
"LIFFE","London Cocoa/Euro Cocoa Early Close 16:55","20191231","N","R"
"LIFFE","Robusta Coffee Early Close 17:30","20191231","N","R"
"LIFFE","UK Feed Wheat Early Close 12:18","20191231","N","R"
"LIFFE","USF Bolsa de Madrid Early Close 13:00","20191231","N","R"
"LIFFE","USF Borsa Italiana Closed","20191231","N","R"
"LIFFE","USF Deutsche Borse Closed","20191231","N","R"
"LIFFE","USF Euronext Amsterdam Early Close 13:05","20191231","N","R"
"LIFFE","USF Euronext Brussels Early Close 13:05","20191231","N","R"
"LIFFE","USF Euronext Paris Early Close 13:05","20191231","N","R"
"LIFFE","USF Helsinki Stock Exchange Closed","20191231","N","R"
"LIFFE","USF Wiener Borse Closed","20191231","N","R"
"LIFFE","White Sugar/Containerised White Sugar Early Close 18:00","20191231","N","R"
"LIFFE","Holiday","20200101","Y","R"
"LIFFE","White Sugar/Containerised White Sugar Early Close 17:00","20200120","N","R"
"LIFFE","White Sugar/Containerised White Sugar Early Close 17:00","20200217","N","R"
"LIFFE","Holiday","20200410","Y","R"
"LIFFE","Agriculturals Closed","20200413","N","R"
"LIFFE","Agriculturals Closed","20200508","N","R"
"LIFFE","Agriculturals Closed","20200525","N","R"
"LIFFE","White Sugar/Containerised White Sugar Early Close 17:00","20200703","N","R"
"LIFFE","Agriculturals Closed","20200831","N","R"
"LIFFE","White Sugar/Containerised White Sugar Early Close 17:00","20200907","N","R"
"LIFFE","White Sugar/Containerised White Sugar Early Close 17:00","20201126","N","R"
"LIFFE","Agriculturals (Excl UK Feed Wheat) Early Close 12:23","20201224","N","R"
"LIFFE","UK Feed Wheat Early Close 12:18","20201224","N","R"
"LIFFE","Holiday","20201225","Y","R"
"LIFFE","Agriculturals Closed","20201228","N","R"
"LIFFE","London Cocoa/Euro Cocoa Early Close 16:55","20201231","N","R"
"LIFFE","Robusta Coffee Early Close 17:30","20201231","N","R"
"LIFFE","UK Feed Wheat Early Close 12:18","20201231","N","R"
"LIFFE","White Sugar/Containerised White Sugar Early Close 18:00","20201231","N","R"
"LIFFE","Holiday","20210101","Y","R"
"LME","Holiday","20191225","Y","R"
"LME","Holiday","20191226","Y","R"
"LME","Holiday","20200101","Y","R"
"LME","Holiday","20200410","Y","R"
"LME","Holiday","20200413","Y","R"
"LME","Holiday","20200508","Y","R"
"LME","Holiday","20200525","Y","R"
"LME","Holiday","20200831","Y","R"
"LME","Holiday","20201225","Y","R"
"LME","Holiday","20201228","Y","R"
"LME","Holiday","20210101","Y","R"
"LME","Holiday","20210402","Y","R"
"LME","Holiday","20210405","Y","R"
"LME","Holiday","20210503","Y","R"
"LME","Holiday","20210531","Y","R"
"LME","Holiday","20210830","Y","R"
"LME","Holiday","20211227","Y","R"
"LME","Holiday","20211228","Y","R"
"LME","Holiday","20220103","Y","R"
"LME","Holiday","20220415","Y","R"
"LME","Holiday","20220418","Y","R"
"LME","Holiday","20220502","Y","R"
"LME","Holiday","20220530","Y","R"
"LME","Holiday","20220829","Y","R"
"LME","Holiday","20221226","Y","R"
"LME","Holiday","20221227","Y","R"
"LME","Holiday","20230102","Y","R"
"LME","Holiday","20230407","Y","R"
"LME","Holiday","20230410","Y","R"
"LME","Holiday","20230501","Y","R"
"LME","Holiday","20230529","Y","R"
"LME","Holiday","20230828","Y","R"
"LME","Holiday","20231225","Y","R"
"LME","Holiday","20231226","Y","R"
"LME","Holiday","20240101","Y","R"
"LME","Holiday","20240329","Y","R"
"LME","Holiday","20240401","Y","R"
"LME","Holiday","20240506","Y","R"
"LME","Holiday","20240527","Y","R"
"LME","Holiday","20240826","Y","R"
"LME","Holiday","20241225","Y","R"
"LME","Holiday","20241226","Y","R"
"LME","Holiday","20250101","Y","R"
"LME","Holiday","20250418","Y","R"
"LME","Holiday","20250421","Y","R"
"LME","Holiday","20250505","Y","R"
"LME","Holiday","20250526","Y","R"
"LME","Holiday","20250825","Y","R"
"LME","Holiday","20251225","Y","R"
"LME","Holiday","20251226","Y","R"
"LME","Holiday","20260101","Y","R"
"LME","Holiday","20260403","Y","R"
"LME","Holiday","20260406","Y","R"
"LME","Holiday","20260504","Y","R"
"LME","Holiday","20260525","Y","R"
"LME","Holiday","20260831","Y","R"
"LME","Holiday","20261225","Y","R"
"LME","Holiday","20261228","Y","R"
"LME","Holiday","20270101","Y","R"
"LME","Holiday","20270326","Y","R"
"LME","Holiday","20270329","Y","R"
"LME","Holiday","20270503","Y","R"
"LME","Holiday","20270531","Y","R"
"LME","Holiday","20270830","Y","R"
"LME","Holiday","20271227","Y","R"
"LME","Holiday","20271228","Y","R"
"LME","Holiday","20280103","Y","R"
"LME","Holiday","20280414","Y","R"
"LME","Holiday","20280417","Y","R"
"LME","Holiday","20280501","Y","R"
"LME","Holiday","20280529","Y","R"
"LME","Holiday","20280828","Y","R"
"LME","Holiday","20281225","Y","R"
"LME","Holiday","20281226","Y","R"
"LME","Holiday","20290101","Y","R"
"LME","Holiday","20290330","Y","R"
"LME","Holiday","20290402","Y","R"
"LME","Holiday","20290507","Y","R"
"LME","Holiday","20290528","Y","R"
"LME","Holiday","20290827","Y","R"
"LME","Holiday","20291225","Y","R"
"LME","Holiday","20291226","Y","R"
"LME","Holiday","20300101","Y","R"
"LME","Holiday","20300419","Y","R"
"LME","Holiday","20300422","Y","R"
"LME","Holiday","20300506","Y","R"
"LME","Holiday","20300527","Y","R"
"LME","Holiday","20300826","Y","R"
"LME","Holiday","20301225","Y","R"
"LME","Holiday","20301226","Y","R"
"MDEX","Holiday","20191028","Y","R"
"MDEX","Holiday","20191109","Y","R"
"MDEX","Holiday","20191225","Y","R"
"NYBOT","Canola Closed","20191014","N","R"
"NYBOT","Canola Closed","20191111","N","R"
"NYBOT","Agriculturals (inc TAS) Closed","20191128","N","R"
"NYBOT","Bitcoin Early Close 13:00","20191128","N","R"
"NYBOT","Bitcoin TAS Closed","20191128","N","R"
"NYBOT","Currency (excl TAS) Early Close 13:00","20191128","N","R"
"NYBOT","Currency TAS Closed","20191128","N","R"
"NYBOT","Environmental Early Close 13:30","20191128","N","R"
"NYBOT","Eris Early Close 13:00","20191128","N","R"
"NYBOT","Gold & Silver Daily Early Close 13:30","20191128","N","R"
"NYBOT","MSCI & NYSE Index (excl TAS) Early Close 13:00","20191128","N","R"
"NYBOT","MSCI & NYSE Index TAS Closed","20191128","N","R"
"NYBOT","Natural Gas (excl TAS) Early Close 13:30","20191128","N","R"
"NYBOT","Natural Gas TAS Closed","20191128","N","R"
"NYBOT","Oil Early Close 13:30","20191128","N","R"
"NYBOT","Power Early Close 13:30","20191128","N","R"
"NYBOT","Precious Metals (excl Daily & TAS) Early Close 13:00","20191128","N","R"
"NYBOT","Precious Metals TAS Closed","20191128","N","R"
"NYBOT","US Dollar Index (excl TAS) Early Close 13:00","20191128","N","R"
"NYBOT","US Dollar Index TAS Closed","20191128","N","R"
"NYBOT","Bitcoin Early Close 14:00","20191129","N","R"
"NYBOT","Bitcoin TAS Early Close 14:00","20191129","N","R"
"NYBOT","Cotton and FCOJ Early Close 13:30","20191129","N","R"
"NYBOT","Cotton and FCOJ TAS Early Close 13:25","20191129","N","R"
"NYBOT","Cotton Late Open 08:00","20191129","N","R"
"NYBOT","Currency (excl TAS) Early Close 13:15","20191129","N","R"
"NYBOT","Currency TAS Early Close 13:00","20191129","N","R"
"NYBOT","Environmental Early Close 14:00","20191129","N","R"
"NYBOT","Eris Early Close 13:15","20191129","N","R"
"NYBOT","Gold & Silver Daily Early Close 13:30","20191129","N","R"
"NYBOT","Gold TAS Closed 12:30","20191129","N","R"
"NYBOT","MSCI & NYSE Index (excl TAS) Early Close 13:15","20191129","N","R"
"NYBOT","MSCI & NYSE Index TAS Early Close 13:15","20191129","N","R"
"NYBOT","Natural Gas (excl TAS) Early Close 14:00","20191129","N","R"
"NYBOT","Natural Gas TAS Early Close 13:30","20191129","N","R"
"NYBOT","Oil Early Close 14:00","20191129","N","R"
"NYBOT","Power Early Close 14:00","20191129","N","R"
"NYBOT","Precious Metals (excl Daily & TAS) Early Close 13:45","20191129","N","R"
"NYBOT","Silver TAS Closed 12:25","20191129","N","R"
"NYBOT","US Dollar Index (excl TAS) Early Close 13:15","20191129","N","R"
"NYBOT","US Dollar Index TAS Early Close 13:00","20191129","N","R"
"NYBOT","Holiday","20191225","Y","R"
"NYBOT","Canola Closed","20191226","N","R"
"NYBOT","Holiday","20200101","Y","R"
"NYBOT","Agriculturals (inc TAS) Closed","20200120","N","R"
"NYBOT","Agriculturals (inc TAS) Closed","20200217","N","R"
"NYBOT","Canola Closed","20200217","N","R"
"NYBOT","Holiday","20200410","Y","R"
"NYBOT","Canola Closed","20200518","N","R"
"NYBOT","Agriculturals (inc TAS) Closed","20200525","N","R"
"NYBOT","Canola Closed","20200701","N","R"
"NYBOT","Agriculturals (inc TAS) Closed","20200703","N","R"
"NYBOT","Canola Closed","20200803","N","R"
"NYBOT","Agriculturals (inc TAS) Closed","20200907","N","R"
"NYBOT","Canola Closed","20200907","N","R"
"NYBOT","Canola Closed","20201012","N","R"
"NYBOT","Canola Closed","20201111","N","R"
"NYBOT","Agriculturals (inc TAS) Closed","20201126","N","R"
"NYBOT","Holiday","20201225","Y","R"
"NYBOT","Canola Closed","20201228","N","R"
"NYBOT","Holiday","20210101","Y","R"
"NYMEX","Globex Energy (ex TAS&TAM), Metals (excl TAS), Softs & Freight Reopen 18:00","20191128","N","R"
"NYMEX","Globex Energy (exc TAS&TAM), Metals (excl TAS), Softs & Freight Early Close 13:00","20191128","N","R"
"NYMEX","Globex Energy TAM Early Close 13:00","20191128","N","R"
"NYMEX","Globex Energy TAM Reopen 18:00","20191128","N","R"
"NYMEX","Globex Energy TAS Early Close 13:00","20191128","N","R"
"NYMEX","Globex Energy TAS Reopen 18:00","20191128","N","R"
"NYMEX","Globex Ethanol Early Close 13:00","20191128","N","R"
"NYMEX","Globex Ethanol Reopen 18:00","20191128","N","R"
"NYMEX","Globex Platinum TAS Early Close 13:00","20191128","N","R"
"NYMEX","Globex Platinum TAS Reopen 18:00","20191128","N","R"
"NYMEX","Globex Energy (ex TAS&TAM), Metals (excl TAS), Softs & Freight Early Close 13:45","20191129","N","R"
"NYMEX","Globex Energy TAS Early Close 13:30","20191129","N","R"
"NYMEX","Globex Ethanol Early Close 13:45","20191129","N","R"
"NYMEX","Globex Palladium TAS Early Close 12:00","20191129","N","R"
"NYMEX","Globex Platinum TAS Early Close 12:05","20191129","N","R"
"NYMEX","Globex Energy (ex TAS&TAM), Met (ex TAS), Softs & Freight Early Close 13:45 & Eve Sess Closed","20191224","N","R"
"NYMEX","Globex Energy TAM Evening Session Closed 18:00","20191224","N","R"
"NYMEX","Globex Energy TAS Early Close 13:30 & Evening Session Closed","20191224","N","R"
"NYMEX","Globex Ethanol Early Close 13:45 & Evening Session Closed","20191224","N","R"
"NYMEX","Globex Palladium TAS Early Close 12:00 & Evening Session Closed","20191224","N","R"
"NYMEX","Globex Platinum TAS Early Close 12:05 & Evening Session Closed","20191224","N","R"
"NYMEX","Globex Day Session Closed 00:00","20191225","N","R"
"NYMEX","Globex Reopen 18:00","20191225","N","R"
"NYMEX","Globex Day Session Closed 00:00","20200101","N","R"
"NYMEX","Globex Reopen 18:00","20200101","N","R"
"OSE","Holiday","20191014","Y","R"
"OSE","Non-Overnight Contracts Closed","20191022","N","R"
"OSE","Overnight Contracts Early Close 05:30","20191022","N","R"
"OSE","Holiday","20191104","Y","R"
"OSE","Non-Overnight Contracts Closed","20191231","N","R"
"OSE","Overnight Contracts Early Close 05:30","20191231","N","R"
"OSE","Holiday","20200101","Y","R"
"OSE","Holiday","20200102","Y","R"
"OSE","Holiday","20200103","Y","R"
"OSE","Holiday","20200113","Y","R"
"OSE","Non-Overnight Contracts Closed","20200211","N","R"
"OSE","Overnight Contracts Early Close 05:30","20200211","N","R"
"OSE","Holiday","20200224","Y","R"
"OSE","Non-Overnight Contracts Closed","20200320","N","R"
"OSE","Overnight Contracts Early Close 05:30","20200320","N","R"
"OSE","Non-Overnight Contracts Closed","20200429","N","R"
"OSE","Overnight Contracts Early Close 05:30","20200429","N","R"
"OSE","Holiday","20200504","Y","R"
"OSE","Holiday","20200505","Y","R"
"OSE","Holiday","20200506","Y","R"
"OSE","Non-Overnight Contracts Closed","20200723","N","R"
"OSE","Overnight Contracts Early Close 05:30","20200723","N","R"
"OSE","Holiday","20200724","Y","R"
"OSE","Holiday","20200810","Y","R"
"OSE","Holiday","20200921","Y","R"
"OSE","Holiday","20200922","Y","R"
"OSE","Non-Overnight Contracts Closed","20201103","N","R"
"OSE","Overnight Contracts Early Close 05:30","20201103","N","R"
"OSE","Holiday","20201123","Y","R"
"OSE","Non-Overnight Contracts Closed","20201231","N","R"
"OSE","Overnight Contracts Early Close 05:30","20201231","N","R"
"SFE","NZ Energy Closed","20191028","N","R"
"SFE","NZ Interest Rate Day Session Closed 08:30","20191028","N","R"
"SFE","NZ Interest Rate Night Session Reopen 17:40","20191028","N","R"
"SFE","AUS Equity (excl VIX) Day Session Early Close 14:30 & No Night Session","20191224","N","R"
"SFE","AUS Int Rates, Energy & Agri Day Session Early Close 12:30 & No Night Sess","20191224","N","R"
"SFE","AUS Interest Rate - XD Closed","20191224","N","R"
"SFE","AUS Interest Rate - XO Closed","20191224","N","R"
"SFE","AUS Interest Rate - YD Closed","20191224","N","R"
"SFE","AUS Interest Rate - YO Closed","20191224","N","R"
"SFE","NZ Interest Rate & Energy Day Session Early Close 10:00 & No Night Session","20191224","N","R"
"SFE","Holiday","20191225","Y","R"
"SFE","Holiday","20191226","Y","R"
"SFE","AUS Equity (excl VIX) Day Session Early Close 14:30 & No Night Session","20191231","N","R"
"SFE","AUS Int Rates, Energy & Agri Day Session Early Close 12:30 & No Night Sess","20191231","N","R"
"SFE","AUS Interest Rate - XD Closed","20191231","N","R"
"SFE","AUS Interest Rate - XO Closed","20191231","N","R"
"SFE","AUS Interest Rate - YD Closed","20191231","N","R"
"SFE","AUS Interest Rate - YO Closed","20191231","N","R"
"SFE","NZ Interest Rate & Energy Day Session Early Close 10:00 & No Night Session","20191231","N","R"
"SFE","Holiday","20200101","Y","R"
"SFE","NZ Energy Closed","20200102","N","R"
"SFE","NZ Interest Rate Day Session Closed 08:30","20200102","N","R"
"SFE","NZ Interest Rate Day Session Reopen 17:40","20200102","N","R"
"SFE","AUS Interest Rate - XO Closed 17:12","20200124","N","R"
"SFE","AUS Interest Rate - YO Closed 17:10","20200124","N","R"
"SFE","AUS Agricultural Day Session Closed 11:00","20200127","N","R"
"SFE","AUS Agricultural Night Session Reopen 17:00","20200127","N","R"
"SFE","AUS Energy Closed","20200127","N","R"
"SFE","AUS Equity (with Night Session)	Day Session Closed 09:50","20200127","N","R"
"SFE","AUS Equity (with Night Session)	Session Reopen 17:10","20200127","N","R"
"SFE","AUS Equity (without Night Session) Closed","20200127","N","R"
"SFE","AUS Interest Rate - IB Day Session Closed 08:34","20200127","N","R"
"SFE","AUS Interest Rate - IB Night Session Reopen 17:14","20200127","N","R"
"SFE","AUS Interest Rate - IR (inc Packs & Bundles) Day Session Closed 08:28","20200127","N","R"
"SFE","AUS Interest Rate - IR (inc Packs & Bundles) Night Session Reopen 17:08","20200127","N","R"
"SFE","AUS Interest Rate - VS Day Session Closed 08:34","20200127","N","R"
"SFE","AUS Interest Rate - VS Night Session Reopen 17:14","20200127","N","R"
"SFE","AUS Interest Rate - XD Closed","20200127","N","R"
"SFE","AUS Interest Rate - XO Closed 00:00","20200127","N","R"
"SFE","AUS Interest Rate - XO Reopen 17:12","20200127","N","R"
"SFE","AUS Interest Rate - XS Day Session Closed 08:34","20200127","N","R"
"SFE","AUS Interest Rate - XS Night Session Reopen 17:14","20200127","N","R"
"SFE","AUS Interest Rate - XT Day Session Closed 08:32","20200127","N","R"
"SFE","AUS Interest Rate - XT Night Session Reopen 17:12","20200127","N","R"
"SFE","AUS Interest Rate - XX Day Session Closed 08:32","20200127","N","R"
"SFE","AUS Interest Rate - XX Night Session Reopen 17:12","20200127","N","R"
"SFE","AUS Interest Rate - YD Closed","20200127","N","R"
"SFE","AUS Interest Rate - YO Closed 00:00","20200127","N","R"
"SFE","AUS Interest Rate - YO Reopen 17:10","20200127","N","R"
"SFE","AUS Interest Rate - YS Day Session Closed 08:34","20200127","N","R"
"SFE","AUS Interest Rate - YS Night Session Reopen 17:14","20200127","N","R"
"SFE","AUS Interest Rate - YT Day Session Closed 08:30","20200127","N","R"
"SFE","AUS Interest Rate - YT Night Session Reopen 17:10","20200127","N","R"
"SFE","NZ Energy Closed","20200206","N","R"
"SFE","NZ Interest Rate Day Session Closed 08:30","20200206","N","R"
"SFE","NZ Interest Rate Night Session Reopen 17:40","20200206","N","R"
"SFE","AUS Agricultural Night Session Early Close 00:00","20200409","N","R"
"SFE","AUS Equity (with Night Session) Night Session Early Close 00:00","20200409","N","R"
"SFE","AUS Interest Rate - IB Night Session Early Close 00:00","20200409","N","R"
"SFE","AUS Interest Rate - IR (inc Packs & Bundles) Night Session Early Close 00:00","20200409","N","R"
"SFE","AUS Interest Rate - VS Night Session Early Close 00:00","20200409","N","R"
"SFE","AUS Interest Rate - XO Night Session Early Close 00:00","20200409","N","R"
"SFE","AUS Interest Rate - XS Night Session Early Close 00:00","20200409","N","R"
"SFE","AUS Interest Rate - XT Night Session Early Close 00:00","20200409","N","R"
"SFE","AUS Interest Rate - XX Night Session Early Close 00:00","20200409","N","R"
"SFE","AUS Interest Rate - YO Night Session Early Close 00:00","20200409","N","R"
"SFE","AUS Interest Rate - YS Night Session Early Close 00:00","20200409","N","R"
"SFE","AUS Interest Rate - YT Night Session Early Close 00:00","20200409","N","R"
"SFE","NZ Interest Rate Night Session Early Close 00:00","20200409","N","R"
"SFE","Holiday","20200410","Y","R"
"SFE","Holiday","20200413","Y","R"
"SFE","AUS Agricultural Day Session Closed 11:00","20200425","N","R"
"SFE","AUS Agricultural Night Session Reopen 17:00","20200425","N","R"
"SFE","AUS Energy Closed","20200425","N","R"
"SFE","AUS Equity (with Night Session) Day Session Closed 09:50","20200425","N","R"
"SFE","AUS Equity (with Night Session) Reopen 17:10","20200425","N","R"
"SFE","AUS Equity (without Night Session) Closed","20200425","N","R"
"SFE","AUS Interest Rate - IB Day Session Closed 08:34","20200425","N","R"
"SFE","AUS Interest Rate - IB Night Session Reopen 17:14","20200425","N","R"
"SFE","AUS Interest Rate - IR (inc Packs & Bundles) Day Session Closed 08:28","20200425","N","R"
"SFE","AUS Interest Rate - IR (inc Packs & Bundles) Night Session Reopen 17:08","20200425","N","R"
"SFE","AUS Interest Rate - VS Day Session Close 08:34","20200425","N","R"
"SFE","AUS Interest Rate - VS Night Session Reopen 17:14","20200425","N","R"
"SFE","AUS Interest Rate - XD Closed","20200425","N","R"
"SFE","AUS Interest Rate - XO Closed 00:00","20200425","N","R"
"SFE","AUS Interest Rate - XO Reopen 17:12","20200425","N","R"
"SFE","AUS Interest Rate - XS Day Session Closed 08:34","20200425","N","R"
"SFE","AUS Interest Rate - XS Night Session Reopen 17:14","20200425","N","R"
"SFE","AUS Interest Rate - XT Day Session Closed 08:32","20200425","N","R"
"SFE","AUS Interest Rate - XT Night Session Reopen 17:12","20200425","N","R"
"SFE","AUS Interest Rate - XX Day Session Closed 08:32","20200425","N","R"
"SFE","AUS Interest Rate - XX Night Session Reopen 17:12","20200425","N","R"
"SFE","AUS Interest Rate - YD Closed","20200425","N","R"
"SFE","AUS Interest Rate - YO Closed 00:00","20200425","N","R"
"SFE","AUS Interest Rate - YO Reopen 17:10","20200425","N","R"
"SFE","AUS Interest Rate - YS Day Session Closed 08:34","20200425","N","R"
"SFE","AUS Interest Rate - YS Night Session Reopen 17:14","20200425","N","R"
"SFE","AUS Interest Rate - YT Day Session Closed 08:30","20200425","N","R"
"SFE","AUS Interest Rate - YT Night Session Reopen 17:10","20200425","N","R"
"SFE","NZ Energy Closed","20200425","N","R"
"SFE","NZ Interest Rate Day Session Closed 08:30","20200425","N","R"
"SFE","NZ Interest Rate Night Session Reopen 17:40","20200425","N","R"
"SFE","NZ Energy Closed","20200601","N","R"
"SFE","NZ Interest Rates Day Session Closed 08:30","20200601","N","R"
"SFE","NZ Interest Rates Night Session Reopen 17:40","20200601","N","R"
"SFE","AUS Interest Rate - XO Closed 17:12","20200605","N","R"
"SFE","AUS Interest Rate - YO Closed 17:10","20200605","N","R"
"SFE","AUS Agricultural Day Session Closed 11:00","20200608","N","R"
"SFE","AUS Agricultural Night Session Reopen 17:00","20200608","N","R"
"SFE","AUS Energy Closed","20200608","N","R"
"SFE","AUS Equity (with Night Session) Day Session Closed 09:50","20200608","N","R"
"SFE","AUS Equity (with Night Session) Reopen 17:10","20200608","N","R"
"SFE","AUS Equity (without Night Session) Closed","20200608","N","R"
"SFE","AUS Interest Rate - IB Day Session Closed 08:34","20200608","N","R"
"SFE","AUS Interest Rate - IB Night Session Reopen 17:14","20200608","N","R"
"SFE","AUS Interest Rate - IR (inc Packs & Bundles) Day Session Closed 08:28","20200608","N","R"
"SFE","AUS Interest Rate - IR (inc Packs & Bundles) Night Session Reopen 17:08","20200608","N","R"
"SFE","AUS Interest Rate - VS Day Session Closed 08:34","20200608","N","R"
"SFE","AUS Interest Rate - VS Night Session Reopen 17:14","20200608","N","R"
"SFE","AUS Interest Rate - XD Closed","20200608","N","R"
"SFE","AUS Interest Rate - XO Closed 00:00","20200608","N","R"
"SFE","AUS Interest Rate - XO Reopen 17:12","20200608","N","R"
"SFE","AUS Interest Rate - XS Day Session Closed 08:34","20200608","N","R"
"SFE","AUS Interest Rate - XS Night Session Reopen 17:14","20200608","N","R"
"SFE","AUS Interest Rate - XT Day Session Closed 08:32","20200608","N","R"
"SFE","AUS Interest Rate - XT Night Session Reopen 17:12","20200608","N","R"
"SFE","AUS Interest Rate - XX Day Session Closed 08:32","20200608","N","R"
"SFE","AUS Interest Rate - XX Night Session Reopen 17:12","20200608","N","R"
"SFE","AUS Interest Rate - YD Closed","20200608","N","R"
"SFE","AUS Interest Rate - YO Closed 00:00","20200608","N","R"
"SFE","AUS Interest Rate - YO Reopen 17:10","20200608","N","R"
"SFE","AUS Interest Rate - YS Day Session Closed 08:34","20200608","N","R"
"SFE","AUS Interest Rate - YS Night Session Reopen 17:14","20200608","N","R"
"SFE","AUS Interest Rate - YT DaySession Closed 08:30","20200608","N","R"
"SFE","AUS Interest Rate - YT Night Session Reopen 17:10","20200608","N","R"
"SFE","NZ Energy Closed","20201026","N","R"
"SFE","NZ Interest Rate Day Session Closed 08:30","20201026","N","R"
"SFE","NZ Interest Rate Night Session Reopen 17:40","20201026","N","R"
"SFE","AUS Equity Day Session Early Close 14:30 & No Night Session","20201224","N","R"
"SFE","AUS Int Rates, Energy & Agri Day Session Early Close 12:30 & No Night Sess","20201224","N","R"
"SFE","AUS Interest Rate - XD Closed","20201224","N","R"
"SFE","AUS Interest Rate - XO Closed","20201224","N","R"
"SFE","AUS Interest Rate - YD Closed","20201224","N","R"
"SFE","AUS Interest Rate - YO Closed","20201224","N","R"
"SFE","NZ Interest Rate & Energy Day Session Early Close 10:00 & No Night Session","20201224","N","R"
"SFE","Holiday","20201225","Y","R"
"SFE","Holiday","20201226","Y","R"
"SFE","AUS Equity Day Session Early Close 14:30 & No Night Session","20201231","N","R"
"SFE","AUS Int Rates, Energy & Agri Day Session Early Close 12:30 & No Night Sess","20201231","N","R"
"SFE","AUS Interest Rate - XD Closed","20201231","N","R"
"SFE","AUS Interest Rate - XO Closed","20201231","N","R"
"SFE","AUS Interest Rate - YD Closed","20201231","N","R"
"SFE","AUS Interest Rate - YO Closed","20201231","N","R"
"SFE","NZ Interest Rate & Energy Day Session Early Close 10:00 & No Night Session","20201231","N","R"
"SGX-DT","Electricity (EE/EF) Closed","20191028","N","R"
"SGX-DT","Oil & Aromatics (OIL) Closed","20191028","N","R"
"SGX-DT","Rubber (RT/TF) Closed","20191028","N","R"
"SGX-DT","SLInG LNG (LNF) Closed","20191028","N","R"
"SGX-DT","Coal (ACF/ACFO/CCF/M42F) Closed","20191225","N","R"
"SGX-DT","Electricity (EE/EF) Closed","20191225","N","R"
"SGX-DT","Freight (FRT) Closed","20191225","N","R"
"SGX-DT","Iron Ore & Steel (IOF/IOFO/LPF/HRF) Closed","20191225","N","R"
"SGX-DT","Oil & Aromatics (OIL) Closed","20191225","N","R"
"SGX-DT","Polyolefins (PO) Closed","20191225","N","R"
"SGX-DT","Rubber (RT/TF) Closed","20191225","N","R"
"SGX-DT","SLInG LNG (LNF) Closed","20191225","N","R"
"SGX-DT","Freight (FRT) Closed","20191226","N","R"
"SGX-DT","Rubber (RT/TF) Closed","20191231","N","R"
"SHFE","Night Session Closed 21:00","20190930","N","R"
"SHFE","Holiday","20191001","Y","R"
"SHFE","Holiday","20191002","Y","R"
"SHFE","Holiday","20191003","Y","R"
"SHFE","Holiday","20191004","Y","R"
"SHFE","Holiday","20191007","Y","R"
"TAIFEX","Holiday","20191010","Y","R"
"TAIFEX","Holiday","20191011","Y","R"
"TFEX","Holiday","20191014","Y","R"
"TFEX","Holiday","20191023","Y","R"
"TFEX","Holiday","20191205","Y","R"
"TFEX","Holiday","20191210","Y","R"
"TFEX","Holiday","20191231","Y","R"
"TFEX","Holiday","20200101","Y","R"
"TFEX","Holiday","20200210","Y","R"
"TFEX","Holiday","20200406","Y","R"
"TFEX","Holiday","20200413","Y","R"
"TFEX","Holiday","20200414","Y","R"
"TFEX","Holiday","20200415","Y","R"
"TFEX","Holiday","20200501","Y","R"
"TFEX","Holiday","20200504","Y","R"
"TFEX","Holiday","20200506","Y","R"
"TFEX","Holiday","20200603","Y","R"
"TFEX","Holiday","20200706","Y","R"
"TFEX","Holiday","20200728","Y","R"
"TFEX","Holiday","20200812","Y","R"
"TFEX","Holiday","20201013","Y","R"
"TFEX","Holiday","20201023","Y","R"
"TFEX","Holiday","20201207","Y","R"
"TFEX","Holiday","20201210","Y","R"
"TFEX","Holiday","20201231","Y","R"
"TIFFE","Holiday","20191014","Y","R"
"TIFFE","Holiday","20191022","Y","R"
"TIFFE","Holiday","20191104","Y","R"
"TIFFE","Holiday","20191231","Y","R"
"TIFFE","Holiday","20200101","Y","R"
"TIFFE","Holiday","20200102","Y","R"
"TIFFE","Holiday","20200103","Y","R"
"TIFFE","Holiday","20200113","Y","R"
"TIFFE","Holiday","20200211","Y","R"
"TIFFE","Holiday","20200224","Y","R"
"TIFFE","Holiday","20200320","Y","R"
"TIFFE","Holiday","20200429","Y","R"
"TIFFE","Holiday","20200504","Y","R"
"TIFFE","Holiday","20200505","Y","R"
"TIFFE","Holiday","20200506","Y","R"
"TIFFE","Holiday","20200723","Y","R"
"TIFFE","Holiday","20200724","Y","R"
"TIFFE","Holiday","20200810","Y","R"
"TIFFE","Holiday","20200921","Y","R"
"TIFFE","Holiday","20200922","Y","R"
"TIFFE","Holiday","20201103","Y","R"
"TIFFE","Holiday","20201123","Y","R"
"TIFFE","Holiday","20201231","Y","R"
"TOCOM","Holiday","20191014","Y","R"
"TOCOM","Holiday","20191022","Y","R"
"TOCOM","Holiday","20191104","Y","R"
"TOCOM","Holiday","20191231","Y","R"
"TOCOM","Holiday","20200101","Y","R"
"TOCOM","Holiday","20200102","Y","R"
"TOCOM","Holiday","20200103","Y","R"
"TOCOM","Holiday","20200113","Y","R"
"TOCOM","Holiday","20200211","Y","R"
"TOCOM","Holiday","20200224","Y","R"
"TOCOM","Holiday","20200320","Y","R"
"TOCOM","Holiday","20200429","Y","R"
"TOCOM","Holiday","20200504","Y","R"
"TOCOM","Holiday","20200505","Y","R"
"TOCOM","Holiday","20200506","Y","R"
"TOCOM","Holiday","20200723","Y","R"
"TOCOM","Holiday","20200724","Y","R"
"TOCOM","Holiday","20200810","Y","R"
"TOCOM","Holiday","20200921","Y","R"
"TOCOM","Holiday","20200922","Y","R"
"TOCOM","Holiday","20201103","Y","R"
"TOCOM","Holiday","20201123","Y","R"
"TOCOM","Holiday","20201231","Y","R"
"ZCE","Holiday","20191001","Y","R"
"ZCE","Holiday","20191002","Y","R"
"ZCE","Holiday","20191003","Y","R"
"ZCE","Holiday","20191004","Y","R"
"ZCE","Holiday","20191007","Y","R"
