"Exchange Code","Exchange Name","ISO Country Code","ISO MIC","Operating MIC","Country of Exchange","Region of Exchange","Exchange Address 1","Exchange Address 2","Exchange Address 3","Exchange Address 4","Postcode","Exchange Phone No","Exchange Fax No","Exchange E-mail Address","Exchange Website","Trading Method","Regulators","Clearing House","Clearing Phone No","Clearing Fax No","Margin Method","STD (Standard) to GMT","DST (DaylightSavingTime) To GMT","DST Start","DST End","Clearing House Name","Action Indicator"
"HKEX","Hong Kong Exchanges & Clearing Limited","HK","XHKF","XHKF","Hong Kong","Asia","12/F One International Finance Centre","1 Harbour View Street","Central","","","0085225221122","0085222953106","info@hkex.com.hk","www.hkex.com.hk","Genium INET","The securities &amp; futures commission (SFC)","HKCC & SEOCH","0085225221122","0085222953106","SPAN","8","","","","HKCC & SEOCH","R"
"IPE","ICE Futures Europe","GB","IFEU","IFEU","United Kingdom","Europe","5th Floor","Milton Gate","60 Chiswell Street","London","EC1Y 4SA","02070657700","02076384964","IceHelpdesk@theice.com","www.theice.com","Electronic - ICE PLATFORM","FCA","ICE Clear Europe","4402072657600","","SPAN","0","1","20190331000000","20191027000000","ICE Clear Europe","R"
"SGX-DT","Singapore Exchange Derivatives Trading Limited","SG","XSIM","XSES","Singapore","Asia","2 Shenton Way","02-02","SGX Centre 1","","068804","006562368888","","asksgx@sgx.com","www2.sgx.com","SGX TitanMutual Offset System (MOS)","Monetary Authority of Singapore (MAS)","Singapore Exchange Derivatives Clearing (SGX-DC)","","","SPAN","8","","","","Singapore Exchange Derivatives Clearing (SGX-DC)","R"
"NYBOT","ICE Futures U.S. Inc","US","IFED","IFUS","United States","North America","55 East 52nd Street","40th Floor","New York","","10055","0012127484000","0012127484005","marketsupervision@theice.com","www.theice.com","Electronic","Commodity Futures Trading Commission","ICE Clear US and ICE Clear Europe","0012127484001","0012127484004","Span","-5","-4","20190310000000","20191103000000","ICE Clear US and ICE Clear Europe","R"
"ZCE","Zhengzhou Commodity Exchange","CN","XZCE","XZCE","China","Asia","30 Business Outer Ring Road","ZhengDong New District","Zhengzhou","","450018","008637165610069","","admin@czce.com.cn","www.czce.com.cn","Electronic","China Securities Regulatory Commission","ZCE Clearing Department","008637165611369","008637165612099","","8","","","","ZCE Clearing Department","R"
"TAIFEX","Taiwan Futures Exchange","TW","XTAF","XTAF","Taiwan","Asia","14th Floor, 100 Roosevelt Rd, Section2","Taipei","Taiwan","ROC","100","00886223695678","00886223657272","hsiaopei@taifex.com.tw","www.taifex.com.tw/eng/index.asp","ETS - Electronic Trading System","Securities &amp; Futures Commission","Internal Clearing Department","00886223695678","00886223645386","Risk Ratio","8","","","","Internal Clearing Department","R"
"DME","Dubai Mercantile Exchange","AE","DUMX","DUMX","United Arab Emirates","Asia","PO BOX 66500","Building 10, Gate Village","Dubai International Financial Centre","Dubai","","97143655500","97143655599","info@dubaimerc.com","www.dubaimerc.com","CME Globex","Dubai Financial Services  Authority","CME Clearing House","0013129301000","","SPAN","4","","","","CME Clearing House","R"
"LIFFE","ICE Futures Europe - LIFFE","GB","XLIF","XLDN","United Kingdom","Europe","5th Floor","Milton Gate","60 Chiswell Street","London","EC1Y 4SA","02070657700","02076384964","icehelpdesk@theice.com","www.theice.com/futures-europe","ICE Platform","FCA","ICE Clear Europe","","","SPAN (London SPAN)","0","1","20190331000000","20191027000000","ICE Clear Europe","R"
"CFE","Cboe Futures Exchange","US","XCBF","XCBO","United States","North America","400 South LaSalle Street","Suite 3100","Chicago","Illinois","IL 60605","0013127868700","","cfetradedesk@cboe.com","cfe.cboe.com","Bats Technology","Commodity Futures Trading Commission (CFTC)","OCC","0013123226200","0013129770611","STANS - System for Theoretical Analysis and Numerical Simulations","-6","-5","20190310000000","20191103000000","OCC","R"
"INE","Shanghai International Energy Exchange","CN","XINE","XSGE","China","Asia","288 Xiangcheng Road","Shanghai","","","200122","00862120767800","00862120767988","ine@ine.cn","www.ine.cn/English/index.html","Screen Based","China Securities Regulatory Commission","Department of the exchange","","","","8","","","","Department of the exchange","R"
"COMEX","New York Mercantile Exchange - Comex Division","US","XCEC","XNYM","United States","North America","World Financial Center","One North End Avenue","New York","","NY 10282","0012122992000","0012123014700","exchangeinfo@nymex.com","www.nymex.com","GLOBEX electronic trading system.","Commodity Futures Trading Commission (CFTC)","CME Clearing House","0013129301000","","SPAN","-5","-4","20190310000000","20191103000000","CME Clearing House","R"
"TOCOM","Tokyo Commodity Exchange, Inc","JP","XTKT","XTKT","Japan","Asia","10-7 Nihonbashi Horidomecho 1-Chome","Chuo-Ku","Tokyo","","103-0012","0081336619191","0081336640089","tm-int5931@tocom.or.jp","www.tocom.or.jp","Systems trading (Screen Based Trading) - Gold, Silver,  Platinium, Palladium, Aluminium, Gasoline, Kerosene,  Crude Oil and Rubber.","Ministry of Economy Trade and Industry (METI)","Japan Commodity Clearing House Co Ltd (JCCH)","0081358477521","0081358477525","SPAN","9","","","","Japan Commodity Clearing House Co Ltd (JCCH)","R"
"ENX-FR","Euronext Paris","FR","XMAT","XPAR","France","Europe","14 Place des Reflets","La Defense Cedex","Paris","","92054","0033170482400","","clientsupport@euronext.com","www.euronext.com","UTP (Universal Trading Platform)","Autorite des Marches Financiers (France) (AMF)","LCH Clearnet SA","02074267000","","SPAN","1","2","20190331000000","20191027000000","LCH Clearnet SA","R"
"LME","London Metal Exchange","GB","XLME","XLME","United Kingdom","Europe","10 Finsbury Square","London","","","EC2A 1AJ","02071138888","","market.data@lme.com","www.lme.com","Open outcry  Telephone  Screen LME Select","FCA","LME Clear","02071138888","","SPAN","0","1","20190331000000","20191027000000","LME Clear","R"
"SFE","ASX 24","AU","XSFE","XASX","Australia","Asia Pacific","Exchange Centre","20 Bridge Street","Sydney","","NSW 2000","006129338000","0061292270885","info@asx.com.au","www.asx.com.au","Fully electronic - ASX Trade 24","Australian Securities &amp; Investments Commission (ASIC) and the Reserve Bank of Australia (RBA)","ASX Clear (Futures)","1800240033","0292270265","SPAN margining","10","11","20190407000000","20191006000000","ASX Clear (Futures)","R"
"SHFE","Shanghai Futures Exchange","CN","XSGE","XSGE","China","Asia","500 Pudian Road","Shanghai","","","200122","00862168400000","00862168401198","info@shfe.com.cn","www.shfe.com.cn","Screen Based","CSRC","Department of the exchange","00862168100348","00862168400427","","8","","","","Department of the exchange","R"
"CFFEX","China Financial Futures Exchange","CN","CCFX","CCFX","China","Asia","6/F, LJZ Plaza","No 1600 Century Avenue","Pudong New Area","","200122","862161630666","862161630606","rd@cffex.com.cn","www.cffex.com.cn","Electronic","China Securities Regulatory Commission","China Financial Futures Exchange Clearing Dept.","02150160263","02150160240","","8","","","","China Financial Futures Exchange Clearing Dept.","R"
"APEX","Asia Pacific Exchange","SG","APEX","APEX","Singapore","Asia","12 Marina Boulevard MBFC Tower 3","#22-04","","","018982","6569142859","","enquiries@asiapacificex.com","www.asiapacificex.com","APEX","Monetry Authority of Singapore","In House Clearing","","","SPAN","8","","","","In House Clearing","R"
"IPE","ICE Futures Europe","GB","IFLL","IFEU","United Kingdom","Europe","5th Floor","Milton Gate","60 Chiswell Street","London","EC1Y 4SA","02070657700","02076384964","IceHelpdesk@theice.com","www.theice.com","Electronic - ICE PLATFORM","FCA","ICE Clear Europe","4402072657600","","SPAN","0","1","20190331000000","20191027000000","ICE Clear Europe","R"
"MDEX","Bursa Malaysia Derivatives Berhad","MY","XKLS","XKLS","Malaysia","Asia","Bursa Malaysia Berhad,","Lower Ground Floor, Bukit Kewangan,","Kuala Lumpur,","","50200","60320347000","60327325258","futures@bursamalaysia.com","www.bursamalaysia.com","CME Globex","Securities Commission of Malaysia","Bursa Malaysia Derivatives Clearing Bhd","0060320262099","0060320263726","SPAN","8","","","","Bursa Malaysia Derivatives Clearing Bhd","R"
"DGCX","Dubai Gold and Commodities Exchange","AE","DGCX","DGCX","United Arab Emirates","Asia","Jumeirah Lakes Towers","Gold Tower, Level Up (Floor 37)","","Dubai","","97143611616","97143611617","info@dgcx.ae","www.dgcx.ae","Screen based electronic trading","Emirates Securities and Commodities Authority (ESCA)","Dubai Commodities Clearing Corporation","","","SPAN","4","","","","Dubai Commodities Clearing Corporation","R"
"TIFFE","Tokyo Financial Exchange Inc","JP","XTFF","XTFF","Japan","Asia","Tekko Building 8th Floor","1-8-2 Marunouchi","Chiyoda-ku","Tokyo","100-0005","0081345782400","0081332125780","info@tfx.co.jp","www.tfx.co.jp","LIFFE CONNECT","Ministry of Finance (MOF) Financial Supervisory Agency (FSA)","Department of the exchange","0081352232404","0081352232424","TIFFE - Span margin method","9","","","","Department of the exchange","R"
"EUREX","Eurex","DE","XEUR","XEUR","Germany","Europe","Eurex Frankfurt AG","Mergenthalerallee 61","Eschborn","","65760","00496921111210","00496921111211","eurextrading@eurexchange.com","www.eurexchange.com","Electronic system called X-ceed","Federal Banking Commission","Eurex Clearing AG","00496921011250","00496921014334","Risk Based Margining","1","2","20190331000000","20191027000000","Eurex Clearing AG","R"
"ICESING","ICE Futures Singapore","SG","IFSG","IFSG","Singapore","Asia","6 Battery Road","#36-01/02/03","","","049909","006565940160","006565344737","asiapacific@theice.com","www.theice.com/futures-singapore","Electronic - ICE PLATFORM","Monetary Authority of Singapore","ICE Clear Singapore","","","SPAN","8","","","","ICE Clear Singapore","R"
"OSE","Osaka Exchange Incorporated","JP","XOSE","XJPX","Japan","Asia","1-8-16 Kitahama","Chuo-ku","Osaka","","541-0041","0081647060800","","webmaster@jpx.co.jp","www.jpx.co.jp","J-GATE","Japan Exchange Regulation (JPX-R)","Japan Securities Clearing Corporation (JSCC)","0081336651234","","SPAN","9","","","","Japan Securities Clearing Corporation (JSCC)","R"
"NYMEX","New York Mercantile Exchange","US","XNYM","XNYM","United States","North America","World Financial Center","One North End Avenue","New York, NY","","10282-1101","0012122992000","0012123014700","info@cmegroup.com","www.cmegroup.com","CME GLOBEX","Commodity Futures Trading Commission (CFTC)","CME Clearing House","0013129301000","","SPAN","-5","-4","20190310000000","20191103000000","CME Clearing House","R"
"ASX","ASX Ltd","AU","XASX","XASX","Australia","Asia Pacific","Exchange Centre","20 Bridge Street","Sydney","","NSW 2000","0061293380000","0061292270885","","www.asx.com.au","Totally Screen Based using ITS","Australian Securities and Investment Commission","ASX Clear (Futures)","61282988479","61292560456","SPAN margining","10","11","20190407000000","20191006000000","ASX Clear (Futures)","R"
"ENX-FR","Euronext Paris","FR","XMON","XPAR","France","Europe","14 Place des Reflets","La Defense Cedex","Paris","","92054","0033170482400","","clientsupport@euronext.com","www.euronext.com","UTP (Universal Trading Platform)","Autorite des Marches Financiers (France) (AMF)","LCH Clearnet SA","02074267000","","SPAN","1","2","20190331000000","20191027000000","LCH Clearnet SA","R"
"CME","Chicago Mercantile Exchange Inc","US","XCME","XCME","United States","North America","20 South Wacker Drive","Chicago","","","IL 60606","0013129301000","","gcc@cmegroup.com","www.cmegroup.com","Open outcry GLOBEX","Commodity Futures Trading Commission (CFTC)","CME Clearing House","0013129301000","","SPAN","-6","-5","20190310000000","20191103000000","CME Clearing House","R"
"TFEX","Thailand Futures Exchange Pcl","TH","TFEX","TFEX","Thailand","Asia","93 Ratchadaphisek Road","Dindaeng","Bangkok","","10400","06620099000","06620099991","TFEX_admin@set.or.th","www.tfex.co.th","The TFEX Trading System","Securities and Exchange Commission (SEC)","The Thailand Clearing House Co. Ltd. (TCH)","006620099542","006620099477","Portfolio risk-based margining system","7","","","","The Thailand Clearing House Co. Ltd. (TCH)","R"
"KOFEX","Korea Exchange","KR","XKFE","XKRX","Korea, Republic of","Asia","BIFC 40","Munhyeongeumyung-ro","Nam-gu","Busan","600-015","15770088","0516622478","webmaster@krx.co.kr","www.krx.co.kr","EXTURE+","Financial Supervisory Commission","Market Operation Department of KOFEX","0082516301063","0082516301112","Composite Optimized Margin System (COMS)Portfolio based","9","","","","Market Operation Department of KOFEX","R"
"DCE","Dalian Commodity Exchange","CN","XDCE","XDCE","China","Asia","No 129 Huizhan Road","Dalian","","","116023","08641184808622","086411848086630","lijs@dce.com.cn","www.dce.com.cn","Electronic","Self-regulating","The Clearing Department of DCE","","","","8","","","","The Clearing Department of DCE","R"
"NYBOT","ICE Futures U.S. Inc","US","IFUS","IFUS","United States","North America","55 East 52nd Street","40th Floor","New York","","10055","0012127484000","0012127484005","marketsupervision@theice.com","www.theice.com","Electronic","Commodity Futures Trading Commission","ICE Clear US and ICE Clear Europe","0012127484001","0012127484004","Span","-5","-4","20190310000000","20191103000000","ICE Clear US and ICE Clear Europe","R"
"CBOT","Chicago Board of Trade","US","XCBT","XCBT","United States","North America","141 West Jackson Boulevard","Chicago","","","IL 60606","0013129301000","0013123413306","info@cmegroup.com","www.cmegroup.com","Open outcry Electronic GLOBEX","Commodity Futures Trading Commission (CFTC)","CME Clearing House","0013129301000","","SPAN","-6","-5","20190310000000","20191103000000","CME Clearing House","R"
